Ct,Day,Topic,Spec,Ident,Day 1 Study Guide Question,(A),(B),(C),(D),Ans,Form,Answer
1,1,Topic,Def,DS1.1,Porosity can be defined by which of the following statements?,When KMW is at the shoe,"The amount of void space in the rock, expressed as a percent.",The measure of ease or ability of a rock to transmit a one-phase fluid under conditions of laminar flow.  The unit of porosity is the Darcy.,Pore throat pressure,B,,
2,1,Topic,FormP,DS1.2,"The drilling crew has successfully spaced out, shut down and shut-in the well.   Which pressure do we want to keep the Bottom Hole Pressure (BHP) at least equal to?",At least equal to the drillpipe pressure,At least equal to the formation fluid pressure,Initial circulating pressure,At least equal to the casing pressure,B,,
3,1,Topic,FormP,DS1.3,Which of the following factors can change the value of Shut-in Casing Pressure (SICP) after we shut-in a well during a kick?,Choke line length,SCRP pressure,The formation fluid pressure (pore pressure),Low surface temperatures,C,,
4,1,Topic,FormP,DS1.4,"In order to kill a well, which statement is correct?",Keep BHP 100 psi over Formation Pressure,Keep BHP 100 psi under formation pressure,Keep BHP equal to Casing Shoe Pressure,Keep BHP at least equal to formation pressure,D,,
5,1,Topic,FOSV,DS1.5,Which of the following equipment is used to secure a well while the drilling line is cut and the drillstring is in the well?,Inside Blowout Preventer,Full Opening Safety Valve or Non-Return Valve,Check valve,Secure hanging wire rope in derrick,B,,
6,1,Topic,KT,DS1.6,"The operator's drilling engineer has calculated a kick tolerance of 35 bbls based on a 1 ppg kick intensity. If we recalculate for a kick intensity of 1.5 ppg, what will happen to the maximum allowable kick volume?",Maximum allowable kick volume will increase,Maximum allowable kick volume will decrease,Maximum allowable kick volume would not be affected,Both A and C,B,,
7,1,Topic,MAASP,DS1.7,What can raise the risk of going over the Maximum Allowable Annulus Surface Pressure (MAASP) during a kill operation?,Long open hole section,Short open hole section,Weak casing shoe,No open hole section,A,,
8,1,Topic,MAASP,DS1.8,"While circulating the gas influx inside the casing, if the casing pressure gets close to the Maximum Allowable Annulus Surface Pressure (MAASP), what should we do?","Continue with the kill procedure, but open the choke as needed to maintain casing pressure equal to MAASP, thereby risking additional influx.","Shut-in well, use Volumetric Well Control Method after mobilizing a Well Control provider.","Shut-in well, use the Lube and Bleed Method ","Continue with the correct kill procedure, the increasing MAASP will not cause formation breakdown.",D,,
9,1,Topic,MAASP,DS1.9,"During a well kill operation, which of the following is LEAST likely to cause us to exceed the Maximum Anticipated Annular Surface Pressure (MAASP)?",Increase mud weight,Small difference between formation fracture pressure and drilling fluid hydrostatic pressure.,Short open hole section,None of the above,C,,
10,1,Topic,MAASP,DS1.10,At what point during a kill operation could the choke pressure exceed the Maximum Anticipated Annular Surface Pressure (MAASP) without causing the formation at the shoe to break down?,When performing the pump start-up procedure,When the influx is in the open hole section,When the influx is above the casing shoe.,When the influx is at the choke,C,,
11,1,Topic,MAASP,DS1.11,The greatest pressure at the casing shoe occurs at what point in a well kill circulation?,During the pump start-up,Either at initial shut-in or when influx reaches the shoe.,Only when the top of the influx reaches the shoe.,When gas reaches the choke,B,,
12,1,Topic,MAASP,DS1.12,Which operation affects the Maximum Allowable Annular Surface Pressure (MAASP) and requires that it be recalculated?,After mud weight change,Every 300 to 500 feet drilled,After changing out a swab on the mud pump.,When alternate choke is used,A,,
13,1,Topic,MGS,DS1.13,"Most problems in well control can be recognized early.  For a Mud Gas Separator, what indicators would suggest that blow through was about to occur?",Increasing trend in hydrostatic seal pressure,Loss of mud leg or dip tube,Reduction in flow coming from vent line,Increasing trend in vent line pressure,D,,
14,1,Topic,Shut-in ,DS1.14,"After noting an increase in flow, the crew spaced out, shut down and successfully shut-in the well.  Which of the following statement best describes a crewmember responsibility?",Communicate kill plans and procedures to crewmembers,Calculate the correct kill mud density,Choose which kill method to use,"Check for leaks at the mud pumps, pipework and pit areas",D,,
15,1,Topic,Flow check ,DS1.15,Which statement best describes when a flow check is needed?,Immediately after a 5% decrease in the weight on bit,Immediately after a 5% increase in the rate of penetration,Before the BHA is pulled up through the BOP stack,After the BHA is pulled up to the surface,C,,
16,1,Topic,Barrier,DS1.16,Which of the following well is NOT a wellbore barrier test?,Leak-off Test,Positive Test,Negative Test,Cumulative Pressure Test,A,,
17,1,Topic,Barrier,DS1.17,What is a definition of a negative barrier test?,A test on a barrier where pressure on the formation side of the barrier is greater than the pressure on the surface side of the barrier.,A test on a barrier where pressure on the surface side of the barrier is greater than the formation side of the barrier..,A test to see if the safety valve is holding,Opposite of a positve barrier test,A,,
18,1,Topic,Barrier,DS1.18,"What is the proper definition of a ""negative"" pressure test?",A test where the barrier is made to fail.,A test on a barrier where pressure is reduced to a value lower than the other side of the barrier,A test on a barrier where pressure is increased to a value higher than the other side of the barrier.,The opposite of a positive test,B,,
19,1,Topic,Barrier,DS1.19,"Which of the following statemsnt is a proper example of a ""physical barrier""?",A cement plug,Proper BOP shut-in procedure,Monitoring the trip tank,Monitoring DP and CP at the remote choke,A,,
20,1,Topic,Barrier,DS1.20,"During tripping operations, if an influx is swabbed into the well, what primary type of barrier failed?",Permanent mechanical barrier,Operational barrier,Temporary mechanical barrier,Retrievable mechanical barrier,B,,
21,1,Topic,Barrier,DS1.21,"""Procedural barriers"" can be defined by which of the following statements",Monitoring well for gains and losses,Calculating KMW,Mixing mud,Procedural barriers are those barriers with written operating procedures,A,,
22,1,Topic,Barrier,DS1.22,Procedural barrier can be defined as?,Mud pumped into well  ,Monitoring the well for gains or losses.  ,Running casing in well,Tripping pipe from well,B,,
23,1,Topic,Barrier,DS1.23,"Concerning most rig operations, the API recommends at least two independent barriers to be in place throughout operations.  Which pair of barriers are NOT independent of each other?",Drilling fluid and an annular preventer ,A tubing plug set downhole and a backpressure valve installed in the hanger,An annular and a pipe ram on a BOP stack ,Drilling fluid and a pipe ram ,C,,
24,1,Topic,Barriers,DS1.24,"For most operations, B.S.S.E. always recommends installation of two independent barriers.  Which pair of barriers are NOT independent of each other?",Viscosity and mud weight,Kill mud in the well and the BOP,Annular and a Ram on the BOP stack,Drillpipe Safety Valve and Kill Mud,C,,
25,1,Topic,Plug,DS1.25,A 9.7 ppg brine has been circulated above a plug set from 7500 ft to 7850 ft across a casing shoe. The highest-pressure zone below the plug was drilled with a 10.5 ppg mud. What would happen if is there is communication across the plug?,Well will remain static.,Well will lose circulation,Well will flow,The well will remain static until the brine begins to increase in temperature,C,,
26,1,Topic,Shut-in,DS1.26,If a safety margin is added to the mud weight what is the result?,Cannot be removed easily,Increases MAASP at the shoe,Decreases casing shoe pressure,Decreases MAASP at the shoe,A,,
27,1,Topic,Test,DS1.27,What is the definition of a positive test?,A test on a barrier where the pressure on the formation side of the barrier is equal to the pressure on the surface side of the barrier.,A test on a barrier where the pressure applied to the formation side of the barrier is greater than the pressure on the surface side of the barrier.,A test on a barrier where the pressure on the formation side of the barrier is less than the pressure on the surface side of the barrier.,A test performed on a barrier where gas is injected downhole to test the integrity of the barrier,C,,
28,1,Topic,Barrier ,DS1.28,"Which of the following statements best describes a ""procedural barrier""?",Writing handover notes for your relief,Setting a packer assembly,Actively monitoring the well for gains or losses,Decreasing the rate of penetration,C,,
29,1,Topic,Barrier,DS1.29,Which type of barrier has failed when a kick is swabbed into the wellbore during tripping?,Secondary Hydrostatic barrier,Primary Hydrostatic barrier,Tertiary Hydrostatic barrier,Primary Hydrostatic Pressure,B,,
30,1,Topic,Barrier ,DS1.30,Which type of barrier has failed when a kick is swabbed into the wellbore during tripping?,Primary hydrostatic barrier,Temporary mechanical barrier,Permanent mechanical barrier,Secondary barrier,A,,
31,1,Topic,Barrier ,DS1.31,Which statement is NOT a wellbore barrier verification method?,Leak off test ,Weight set confirmation (Tag top of cement) ,Inflow test (Negative test),Measuring the mud density,A,,
32,1,Topic,Barrier ,DS1.32,Which statement best describes a positive test?,A test performed on a barrier where the pressure applied to the formation side of the barrier is equal to the pressure on the surface side of the barrier,A test performed on a barrier where the pressure applied to the formation side of the barrier is greater than the pressure on the surface side of the barrier,A test performed on a barrier where the pressure on the formation side of the barrier is less than the pressure on the surface side of the barrier ,A good pressure test on surface equipment,C,,
33,1,Topic,Barrier ,DS1.33,"Which statement best describes a ""Barrier System"" (Envelope)?",A set of processes and procedures that prevent the well from kicking,The BOP only,Drilling fluid and barite,More than one barrier that act together to prevent flow from the formation,D,,
34,1,Topic,Barrier ,DS1.34,Which statement best describes an item that is NOT classified as a barrier?,The mud hydrostatic pressure,A drill string float valve,The pipe rams,A cement plug,B,,
35,1,Topic,Casing ,DS1.35,We are drilling a development well within an established producing field.  Which statement best describes the pressure test normally used to determent formation strength at the casing shoe?,Leak Off Test,Formation Integrity Test,Drill Stem Test,BOP Test,B,,
36,1,Topic,Casing ,DS1.36,Please select the best statement which describes what is needed to determine the casing shoe formation strength?,The exact TVD of the casing shoe,Accurate hole capacity,Accurate pump stroke counters,Kill weight mud,A,,
37,1,Topic,FormP,DS1.37,Which of the following statements may NOT warn of an increase in formation pressure?,WOB display or gauge,ROP display or gauge,Accumulator Pressure display or gauge,Torque display or gauge,C,,
38,1,Topic,MAASP,DS1.38,Which statement describes the best definition of Maximum Allowable Annular Surface Pressure (MAASP)?,The pressure which will cause losses at the  bottom of the hole,The pressure which will cause flow at the casing,The pressure which will cause losses at the casing shoe minus the mud hydrostatic at the casing shoe,The pressure which will cause pit gains when bit is on bottom,C,,
39,1,Topic,Porosity,DS1.39,Which statement defines the percentage of void space in a formation?,Porosity,Permeability,Viscosity,Mud density,A,,
40,1,Topic,Balloon ,DS1.40,"When ballooning occurs, Bottomhole Pressure (BHP) is slightly increased more than the formation fracture pressure.  Which statement best describes an what causes an increase?",Mud hydrostatic pressure in the well,Abnormal formation pore pressure,Annular friction pressure while circulating,Subnormal formation pore pressure,C,,
41,1,Topic,BHP ,DS1.41,"The crew has spaced out, shut down and successfully shut-in on a kick.  The stabilized Shut-in Drillpipe Pressure (SIDPP) reads 300 psi and the Shut-in Casing Pressure (SICP) reads 450 psi.  If SIDPP is held at 300 psi, what's the BHP?",Increase,Decrease,Stay the same,None of the above,C,,
42,1,Topic,FIT ,DS1.42,Which statement best describes the amount of pressure a formation can withstand before fracturing?,Mud Hydrostatic pressure,Formation strength,Mud type,Annular pressure loss while circulating,B,,
43,1,Topic,Flow check ,DS1.43,What circumstances require a flow check?,Before the drill bit is run-in past the BOP,Before the drill bit is run-in past the casing shoe,After pulling the entire drill string out of hole,Before beginning to pull out of the hole,D,,
44,1,Topic,MAASP ,DS1.44,Which of the following statements describes the LEAST likely event which will cause pressures to exceed Maximum Allowable Annular Surface Pressures (MAASP)?,A small pit gain,A large pit gain,A long open hole section,A short open hole section ,D,,
45,1,Topic,MAASP ,DS1.45,Which statement best describes Maximum Allowable Annular Surface Pressure (MAASP)?,Total pressure applied at the shoe that will cause fluid losses,Total pressure that will cause fluid losses at the casing shoe minus the mud hydrostatic at the casing shoe,The difference in pressure between the annulus hydrostatic pressure and formation pressure,Minimum pump pressure required to start a well kill operation,B,,
46,1,Topic,OBM ,DS1.46,"As a gas influx is circulated to surface within an oil-based mud, which statement best describes the cause of gas to break out of solution?",The large inside diameter of the riser causes gas to break out of solution,The temperature change of the mud as it gets cooler near surface,The decrease in mud hydrostatic pressure above the gas when it gets close to surface ,The increasing mud hydrostatic pressure in the annulus,C,,
47,1,Topic,ROP ,DS1.47,"While drilling ahead at a constant rate of penetration, returns on the flowline become excessive.  What is the safest next step?","Check for flow – if there is none, circulate bottoms up at a reduced pump rate so that the shale shakers can handle the cuttings volume ",Reduce the mud pump rate until the shakers can handle the amount of cuttings in the returns and continue drilling,By pass the shale shakers until the problem is fixed ,Increase pump rate to the maximum pump speed,A,,
48,1,Topic,Shut-in ,DS1.48,"The crew has spaced out, shut down and successfully shut-in on a kick.   The stabilized Shut-in Drillpipe Pressure (SIDPP) reads 300 psi and the Shut-in Casing Pressure (SICP) reads 450 psi.  What is occurring in the shut-in well?","The well is not balanced, bottom hole pressure on the annulus side is higher than on the drill string side of the U-tube","The well is currently balanced, pressures at the bottom are balanced on both sides of the well","The well is not balanced, bottom hole pressure on the annulus side is lower due to the lighter density of formation fluids",The well is overbalanced causing loss of returns,B,,
49,1,Topic,SICP ,DS1.49,Which statement best describes Shut-in Casing Pressure (SICP)?,Total pressure applied at the casing shoe likely to cause losses,Total pressure inside the drill string minus the bottom hole pressure,Total pressure applied below the casing shoe likely to cause losses,The difference between the hydrostatic pressure in the annulus and the formation pressure ,D,,
50,1,Topic,SIDPP ,DS1.50,Which of the following statements best describes factors needed to determine drillpipe pressure?,Influx gradient psi/ft,Type of influx in the well,Mud density in the annulus,Mud density inside the drill string,D,,
51,1,Topic,SIDPP ,DS1.51,"During well control, Kill Weight Mud (KMW) has been pumped to the bit.  If the pumps were correctly staged down and the well shut-in, what would the Shut-in Drillpipe Pressure (SIDPP) reading be? JUST THEORY, DO NOT ATTEMPT IN REAL WORLD",The drill pipe pressure gauge will read the same pressure as the original SIDPP,The drill pipe pressure gauge will read the same pressure as the original SICP,The drill pipe pressure gauge will read greater than the new SICP value,The drill pipe pressure gauge should read 0 psi due to the string being full of kill mud,D,,
52,1,Topic,SPUTS ,DS1.52,Why is Staging Up to Speed (SPUTS) so important in well control?,To maintain a pressure safety margin of 100 psi while bringing the pump up to the kill rate,To allow the choke operator to reach the calculated initial circulating pressure,To reduce the time it takes for the hydraulic delay,To ensure the correct bottom hole pressure is set for the kill operation,D,,
53,1,Topic,BHP,DS1.53,What is the lagging indicator of an increase in formation pressure?,Increasing ROP,Decreasing WOB,Decrease in background gas,Change in background gas,D,,
54,1,Topic,BHP,DS1.54,"During a well kill, the pump rate is increased while keeping the drill pipe pressure constant. If we ignore any effects from the Equivalent Circulating Density (ECD), how will the increase in pump rate affect Bottom Hole Pressure (BHP)?",BHP will increase risking formation damage.,"BHP will remain constant, risking no further influx or damage to the formation.","BHP will decrease slowly and increase dramatically, risking further influx.",None of the above,D,,
55,1,Topic,BHP,DS1.55,"A well has been shut-in after a kick. The stabilized SIDPP = 300 psi and SICP = 500 psi. If the DP stays at 300 psi, what happens to the BHP?",Increase.,Stay the same,Decrease,None of the above,B,,
56,1,Topic,BHP,DS1.56,What is the purpose of a Staging Pumps Up to Speed (SPUTS) procedure on a surface stack rig?,To ensure correct drillpipe pressure is maintained.,To ensure correct bottomhole pressure is maintained.,To ensure correct casing pressure is maintained.,To ensure the driller can respond to orders,B,,
57,1,Topic,BHP,DS1.57,What causes the increased Bottom Hole Pressure when ballooning formations occur and the BHP is slightly higher than the formation fracture pressure?,Failure to fill up when tripping out.,Abnormal formation pressure,Drillpipe friction causes bottomhole pressure to decrease,Annular friction causes bottomhole pressure to exceed formation fracture pressure.,D,,
58,1,Topic,BHP,DS1.58,How will reducing the pump rate while keeping drillpipe pressure constant during a well kill on a surface BOP affect Bottom Hole Pressure (BHP)?,BHP will drop dramatically,There is no way to know what will happen to BHP,BHP will increase,Both B and C,C,,
59,1,Topic,BHP,DS1.59,"A well is shut-in after taking a 20 bbl kick with a Shut-in Drillpipe Pressure (SIDPP) reads 400 psi and a Shut-in Casing Pressure (SICP) reads 500 psi. If the well had been shut-in on a 10 bbl kick, how would the shut-in pressure change?",SICP would be lower,SIDPP would be lower,SICP would be higher,Shut-in pressures are not affected by influx size,A,,
60,1,Topic,BHP,DS1.60,"Both drillpipe and casing pressures are rising because of gas migration. If we keep the casing pressure constant at 500 psi, what will happen to the Bottom Hole Pressure (BHP)?",Decrease,Increase,BHP will not be affected,Slowly increase,A,,
61,1,Topic,BHP,DS1.61,"During the drilling a high temperature well, our Measurement While Drilling (MWD) shows the downhole temperature is significantly higher than the surface mud temperature. What effect will this temperature increase have on downhole hydrostatic pressure?",It will decrease the effective downhole mud weight and cause a lower hydrostatic pressure.,It will increase the effective downhole mud weight and cause a higher hydrostatic pressure.,Increased temperature has no effect on downhole hydrostatic pressure.,All the above,A,,
62,1,Topic,BHP,DS1.62,"During the 1st Circulation of the Driller's Method, the influx is currently being circulated out the hole.  If the gas influx is not allowed to expand, what will happen to the Bottom Hole Pressure (BHP)?",Stay the same,It will decrease,Both A and B,It will increase,D,,
63,1,Topic,BHP,DS1.63,"When we properly circulate out a kick, what is the main goal of well control?",To have an overbalance pressure as close to the fracture pressure as possible.,To maintain a BHP at least equal to formation,To use the highest pump rate possible.,To ensure the kick does not lead to a blowout during the 2nd Circulation of the Driller's Method,B,,
64,1,Topic,BHP,DS1.64,"When soft shales break down in the mud and increase mud viscosity, what happens to Bottom Hole Pressure (BHP)?",BHP will decrease.,BHP will stay constant,BHP will increase.,All the above,C,,
65,1,Topic,BHP,DS1.65,"If a gas influx is not allowed to expand while being displaced up the annulus, what will happen to Bottom Hole Pressure (BHP)?",Decrease,Stay the same,Both B and C,Increase,D,,
66,1,Topic,BHP,DS1.66,"The rig crew has successfully spaced out, shut down and shut-in.  The stabilized SIDPP =350 psi and SICP = 450 psi. If gas begins migrating and the pressure begin to rise, what would be the effect on BHP if the SIDPP was maintained at 350 psi?",It will stay the same,It will decrease,It will increase,Both A and B,A,,
67,1,Topic,BHP,DS1.67,What does the Bottom Hole Pressure do if the drillpipe pressure is kept constant as kill weight mud is pumped down the drillstring?,Increase,Stay the same,Decrease,Circulating CP will be variable,A,,
68,1,Topic,BHP,DS1.68,What will happen to Bottom Hole Pressure (BHP) if the Final Circulating Pressure (FCP) is held constant as Kill Weight Mud (KMW) is circulated up the annulus?,Stay the same,Decrease,Increase,Both A and B,A,,
69,1,Topic,BHP,DS1.69,"On a shut-in stabilized well, Shut-in Drillpipe Pressure (SIDPP) reads 325 psi and Shut-in Casing Pressure (SICP) reads 540 psi. If CP is held constant at 540 psi during gas migration, what will happen to BHP?",Increase,Decrease,Stay the same,All the above,B,,
70,1,Topic,BHP,DS1.70,"If the choke is closed to raise drillpipe pressure while circulating at constant SPM, what happens to bottom-hole pressure?",It will stay the same,It will decrease,It will increase,All the above,C,,
71,1,Topic,Blowout,DS1.71,What is an uncontrolled flow of formation fluids to the surface called?,Kick,Blowout,Porosity,Underground flow,B,,
72,1,Topic,ECD,DS1.72,The Equivalent Circulating Density (ECD) determines the actual Bottom Hole Pressure (BHP) while circulating down the drillstring and up the annulus. Which part of the system's pressure losses is used to calculate the ECD?,The pressure loss across the nozzles,The pressure loss in the drillstring,The pressure loss in surface lines,The pressure loss in the annulus,D,,
73,1,Topic,ECD,DS1.73,"A loss of Equivalent Circulating Density (ECD) may show that the well has become underbalanced.  For our operations, what downhole tool would be the best option to accurately measure ECD while drilling?",A pressure while drilling (PWD) tool,A rotary steerable tool,An adjustable gauge stabilizer (AGS) tool,A cement bond log tool ,A,,
74,1,Topic,ECD,DS1.74,The Pressure While Drilling (PWD) tool in the bottomhole assembly (BHA) gives us data which shows a drop in Equivalent Circulating Density (ECD) while drilling. What could lead to this drop in ECD during drilling?,A loss of overbalance with formation fluids contaminating the mud in the annulus.,A change in the ROP,Increasing the RPM on the drillstring.,A washout in the drillstring above the BHA,A,,
75,1,Topic,Equip,DS1.75,Shut-in Casing Pressure (SICP) value is affected by which condition?,Annulus capacity per foot,Slow circulating rate pressure,Length of choke line,Pump rate,A,,
76,1,Topic,Equip,DS1.76,"Concerning shallow hazards, which statement best describes a procedure which could result in an influx into the wellbore?",Pumping out of the hole,Not filling the hole properly while tripping out of the hole,Reducing the pump rate,Performing a flow check,B,,
77,1,Topic,MAASP,DS1.77,Which statement can increase risk for exceeded the Maximum Allowable Annular Surface Pressure (MAASP) during a kill operation?,Short open hole section,Small difference between formation fracture pressure and mud hydrostatic pressure,Large difference between formation fracture pressure and mud hydrostatic pressure,Long casing section,B,,
78,1,Topic,Pumps,DS1.78,What happens to bottom-hole pressure if the pumps are speeded up while holding drillpipe pressure constant?,It will decrease,It will increase,It will stay the same,All the above,A,,
79,1,Topic,Pumps,DS1.79,"During the second circulation of the Driller's Method, the final circulating pressure is 350 psi at 150 gallons per minute. What would happen to the casing pressure if circulation was stopped and the choke closed once KWM enters the annulus?",Decreases,Increases,Stays the same.,All the above,B,,
80,1,Topic,Pumps,DS1.80,What are the changes in Drillpipe Pressure which can be expected if the mud density is decreased?,Pump pressure will increase,Pump pressure will stay the same,Pump pressure will slowly decline to zero,Pump pressure will decrease,D,,
81,1,Topic,SCR,DS1.81,Which of the following statements best describes needed action for updating and recording a new Slow Circulating Rate Pressure (SCRP)?,Every time 50 ft of new formation is drilled,Only after recharging the mud pump pulsation dampener,When you drill long sections of hole rapidly,Only at the beginning of a new hole section,C,,
82,1,Topic,SICP,DS1.82,"A rig drilled 2000 feet since the Slow Circulating Rate Pressure (SCRP) was recorded. A kick occured and was successfully shut in. The plan is to circulate the influx out using the Driller's method, and then staged pumps up to speed (SPUTS) was performed correctly. How would the actual Initial Circulating Pressure (ICP) compare to the pre-calculated ICP?",ICP actual = ICP calculated,ICP actual < ICP calculated,ICP actual > ICP calculated,ICP actual = FCP,C,,
83,1,Topic,SICP,DS1.83,"When circulating out an influx from a non-aqueous (oil-based) mud, what happens to the choke pressure as gas is liberated from the non-aqueous (oil-based) mud?",Stay the same.,Decrease rapidly,Increase rapidly,None of the above,C,,
84,1,Topic,SICP,DS1.84,Which of the following properties will affect the value of the Shut-In Casing Pressure (SICP)?,The formation fluid pressure (pore pressure),Permeability of formation,Porosity of formation.,Type of formation fluids,A,,
85,1,Topic,SICP,DS1.85,"If a kick is shut-in and the Slow Circulating Rate Pressure (SCRP) is not known, what procedure should be used to get the correct Initial Circulating Pressure (ICP)?","Follow the correct start-up procedure.  When the kill rate has been reached, the drillpipe pressure minus any overbalance or safety factor will be the ICP",Contact mud logger and request the best possible calculation of ICP,Check the records and chose the kill rate circulating pressure taken with the last BHA in the hole nearest to the depth where the kick took place.  Add 100 psi as a safety margin.,"Stage pumps up to speed holding drillpipe pressure constant.  When kill rate has been reached, subtract off any overbalance or safety factor will be the ICP",A,,
86,1,Topic,SICP,DS1.86,SICP value is affected by which factor?,The ID of the BHA and drillpipe.,Drillstring capacity per foot,Annulus capacity per foot,Hole diameter,C,,
87,1,Topic,SICP,DS1.87,"If a drillstring 750 ft off bottom is stripped into an influx which is not migrating and is at the bottom of the hole, what would be expected to happen to the SICP?",Stay the same,Decrease,Increase,All the above,C,,
88,1,Topic,SICP,DS1.88,A salt-water kick is circulated out using the Driller’s Method. The shut-in pressures and influx gradient calculation determine the influx has a greater density than current mud in the well.  When will the surface casing pressure be at its minimum valve?,When the influx is at the choke.,When the annular geometry causes the influx to have minimum height.,When the annular geometry causes the influx to have the maximum height,At shut-in conditions only,C,,
89,1,Topic,SICP,DS1.89,"After the crew has successfully spaced out, shut down and shut-in.  The pressures are allowed to stabilize.  The remote choke panel Shut-in Drillpipe Pressure (SIDPP) reads 300 psi.  The standpipe SICP reads 750 psi.  What is the Driller's safest next step?",Investigate the reason for the difference,Record the pressure from the pressure gauge on the choke panel.,Record the pressure from the pressure gauges on the choke manifold,Assume the remote panel gauges are inaccurate and need to be replaced,A,,
90,1,Topic,SIDPP,DS1.90,Which of these methods could be used to find the Shut-In Drillpipe Pressure (SIDPP) if a kick occurs with a non-ported float valve in the drillstring?,"Pump slowly down the drillpipe until the float is observed opening, then shut down the pumps.  Record the pressure when the float opened as the SIDPP.","Pump slowly down the casing, until the SIDPP begins to rise, then stop pumping.  The SIDPP is the SICP minus any trapped pressure.","Pump quickly down the drillpipe until the SICP starts to increase, then increase pumping until 500 psi worth of trapped pressure is built.  The SIDPP is the drillpipe pressure minus 500 psi.","Pump slowly down the drillpipe until the SICP starts to increase, then stop pumping.  The SIDPP is the drillpipe pressure minus current trapped pressure.",D,,
91,1,Topic,SIDPP,DS1.91,"A well has been shut-in after a kick, and the drillpipe pressure is zero because there is a Non-Return Float Valve in the string. How should the operator obtain the Shut-In Drill Pipe Pressure (SIDPP)?",Pump very slowly into the drillstring with the well shut-in and continue pumping until the casing pressure reaches 100 psi over SICP.  Stop the pumps.  Record current SICP and subtract 100 psi to achieve SIDPP.,Bring the pump up to kill rate holding the casing pressure constant by opening the choke.  The pressure shown when the pump is at kill rate is the Shut-In Drill Pipe Pressure,"Pump very slowly into the drill string with the well shut-in and as casing pressure starts to rise, stop the pump, read the pressure, and subtract any overbalance.",None of the above,C,,
92,1,Topic,SIDPP,DS1.92,"After observing a well flowing, space out, shut down and observe flow, then shut-in the BOP, what key data set must the Driller record?",Rotary Torque,WOB,SIDPP,SICP and ROP,C,,
93,1,Topic,Temp,DS1.93,How is the density of oil-based mud affected due to increasing wellbore temperature?,Increases mud density,Mud Density remains the same,Decreases mud density,None of the above,C,,
94,1,Topic,BHP ,DS1.94,What effect does Annular Pressure Loss (APL) have on Bottom Hole Pressure (BHP)?,It causes BHP to be greater than the hydrostatic pressure,It causes BHP to be less than the hydrostatic pressure,It causes BHP to be equal to the hydrostatic pressure,None of the above,A,,
95,1,Topic,Check,DS1.95,When would a flowcheck not be necessary?,After tripping back to bottom.,After driller has increased the WOB,After seeing a pit level increase,When you are below the BOP stack during a trip out of the hole,B,,
96,1,Topic,Drill,DS1.96,Why are well control drills are conducted?,To meet governmental regulations and policies surrounding operations of well control,To train crew members to be able to have the fastest documented times to close in the well,To familiarize the rig crews with techniques that will be implemented in the event of a kick,All the above,D,,
97,1,Topic,Drill,DS1.97,What is the function of pit drills?,To ensure that the crew can fill out a kill sheet,To ensure that the BOPs are functioning properly,To ensure that the crew can effectively recognize and react to a kick.,To ensure rig crews can effectively clean pits,C,,
98,1,Topic,Accum,DS1.98,"On the BOP Closing Unit, the By-Pass Lever is used to perform which operation?",Increase the accumulator pressure to 3000 psi,Decrease the accumulator pressure to 1500 psi,Increase air pressure for the Remote BOP panel,Increase the manifold pressure to the current accumulator pressure,D,,
99,1,Topic,Accum,DS1.99,"From the BOP Remote panel after the air lever handle has been engaged and the Upper Pipe Ram is closed, what has happened if the open light goes out, the close light does illuminates and the pressure gauges do not decrease?",Faulty pressure switch,Close line is most likely blocked,Close line is most likely leaking,Faulty hydraulic switch,B,,
100,1,Topic,Accum,DS1.100,"On the Remote BOP panel, the by-pass valve handle (or button) directs full 3000 psi accumulator pressure to which of the following?",Pipe rams only,Annular preventer only,Pipe rams and HCR valves only,Both Annular preventer and Diverter,C,,
101,1,Topic,Accum,DS1.101,"From the BOP Remote panel, Upper Pipe Ram is closed.  If the open light goes out, the close light does not illuminate while the accumulator and manifold pressures dropped and returned to normal?",The close line is blocked,The close line is leaking,The pressure switch is faulty,There is a fault in the close light electrical circuit,D,,
102,1,Topic,Accum,DS1.102,"At BOP Control Unit, annular preventer is closed.  Both Accumulator and Annular gauges drop, but don't return to normal pressure while the pneumatic pump is running continuously.  What problem has occurred?",There is a leak in the annular closing line,The 3-position valve did not operate properly,The annular closing line is most likely blocked,The accumulator line going to the 3-position valve is blocked,A,,
103,1,Topic,Accum,DS1.103,"From the BOP Remote panel, the pipe ram is closed observing 1) Open light went out, Close light is on, 2) Annular pressure didn't change, 3) Manifold pressure dropped, returns to original pressure, 4) Accumulator pressure dropped to 2300 psi and remained steady.  What's the problem?",A blockage in the hydraulic line between the BOP to the BOP control unit,The pressure switch or the pumps on the BOP control unit did not function properly,A leakage in the hydraulic line between the BOP to the BOP control unit,The 3-position/ 4-way valve is stuck in the open position,B,,
104,1,Topic,Accum,DS1.104,"From the BOP Remote panel (non-Mux), after the air lever handle has been engaged, the annular preventer is closed.  The open light goes out and the close light illuminates.  What problem has occurred?",Confirms the annular preventer shut in the well,A signal has been sent successfully to the annular preventer regulating unit,The annular 3-position valve on the accumulator unit has functioned properly,The close line is most likely blocked,C,,
105,1,Topic,Accum,DS1.105,"If the air pressure reads zero on the BOP Remote panel, which of the following statement is true?",All functions on the remote panel will operate properly,The annular preventer will operate properly,The pipe rams will operate properly,No BOP functions can be operated from the remote panel,D,,
106,1,Topic,Accum,DS1.106,"For a BOP Remote panel which functions using push-buttons, what is the main function of the ""master"" or ""push to operate"" button?",To enable the functions on the driller’s remote panel to become active,To adjust the pipe rams operating pressure,To adjust the annular prevent operating pressure,To close the diverter element ,A,,
107,1,Topic,Accum,DS1.107,"According to API Standard 53, what is the minimum recommended precharge pressure for 3,000 psi accumulator bottles housed within a 3,000 psi BOP Closing Unit?",1000 psi,1200 psi,3000 psi,5000 psi,A,,
108,1,Topic,Accum,DS1.108,Why are fluids stored under pressure within the accumulator bottles of a BOP Closing Unit?,To reduce the actual closing time of the remote choke,To reduce the actual closing time of the BOP functions,To operate the pipe ram and the annular preventer at same time,To operate BOP functions in HPHT conditions,B,,
109,1,Topic,Accum,DS1.109,What type of gas is used to establish the precharge pressures of accumulator bottles within a BOP Closing Unit?,Hydraulic Fluid,Carbon Dioxide,Nitrogen,Water,C,,
110,1,Topic,Equip,DS1.110,"During drilling operations, the crews noted an increase in returns.  The crew spaced out, shut down and shut-in successfully.  While waiting on the pressures to stabilize, what is the next step for the Driller?",Notify the Supervisor,Check the well is secure (no leaks),Verify the choke has been closed.,Ensure pumps are completely off,B,,
111,1,Topic,Equip,DS1.111,"Of all the gauges on rig floor such as Driller's console or remote panel, which is used to record Slow Circulating Rate Pressures (SCRP)?",Drill pipe pressure gauge on the choke panel,Casing pressure gauge on the driller’s panel,Drill pipe pressure gauge on the driller’s panel,Casing pressure gauge on the choke panel,A,,
112,1,Topic,Accum,DS1.112,"On a hydraulic BOP control system (non-Mux), we apply air pressure then close the annular preventer using the rig floor remote BOP panel.  If the open light goes out and the close light illuminates, what does this light change indicate?","The manifold 3-position, 4-way valve on the accumulator unit has functioned ","The accumulator by-pass 2-position, 4-way valve on the accumulator unit has functioned ","The HCR 3-position, 4-way valve on the accumulator unit has functioned ","The annular 3-position, 4-way valve on the accumulator unit has functioned ",D,,
113,1,Topic,Equip,DS1.113,Manifold readback pressures are affected when which equipment is operated?,Annular preventer,Rams and failsafe valve ,Only HCR valve,Hydraulic choke,B,,
114,1,Topic,Equip ,DS1.114,"Operations have spaced out, shut-down and shut-in the well.  SIDPP reads 300 psi on remote choke panel.  SIDPP reads 325 psi on Driller's panel.  SIDPP reads 400 psi on Standpipe gauge.  Which gauge is used to determine Kill Mud Weight (KMW)?",Use the average pressure of 500 psi to calculate the Kill Mud Weight (KMW),"With these differences in gauge pressure, inform supervisor and investigate the difference in pressures first",Always use the gauge that shows the lowest pressure,Always use the gauge that was calibrated most recently,B,,
115,1,Topic,Equip ,DS1.115,"During shallow flow, after the overboard diverter valve(s) is opened and the diverter is closed, what other equipment action needs to take place?",Direct flow through the mud-gas separator,Increase pump rate,Maintain constant pump rate,Decrease pump rate,B,,
116,1,Topic,BHP,DS1.116,"As Kill Weight Mud (KWM) is circulated up the annulus and Final Circulation Pressure (FCP) is being held constant, what has occurred to Bottomhole Pressure (BHP)?",Stay the same,Increases,Decrease,Increases rapidly followed by decreasing slowly,A,,
117,1,Topic,Drillers,DS1.117,"For Horizontal well shut-in, the SIDPP reads the same as the SICP.  During the 1st Circulation of the Driller's Method, why does the casing pressure increase so quickly when the influx moves from the horizontal section into the vertical section?",This is normal for any well when the Driller’s Method is used.,ECD is much greater in the horizontal section,There is no loss of hydrostatic pressure until gas arrives at the inclined or vertical section of the well.,"For OBM, gas remains in solution until the gas is at the surface and breaks out of solution.",C,,
118,1,Topic,MPD,DS1.118,"If a leak were to occur in a rotary hose during a well control operation, what would be the next proper step to take?","Pick-up off bottom, shut down the pumps and close the annular preventer.",Reduce pressure on the head and continue drilling.,"Stop rotation, pick-up off bottom, close pipe rams and change out RCD insert.",Run to nearest exit,A,,
119,1,Topic,MPD,DS1.119,What are the major advantages of using Managed Pressure Drilling (MPD) when drilling a well?,MPD enables the well to be drilled within a tight window between pore pressure and fracture gradient.,MPD enables the well to be drilled faster as it aids in maximizing rate of penetration,All the above.,None of the above,C,,
120,1,Topic,Plan,DS1.120,"Why is it important to follow a pressure step down schedule when stopping the rig pumps during Well Control or connection, for a well with small gap between Pore Pressure and Fracture Gradient?",To keep bottom hole pressure constant while varying the pumps.,"As the pumps slow down, the wellbore friction is reduced.  The surface pressure needs to be increased to replace the friction loss to prevent an influx while reducing the pumps.",Both A and B,None of the above,C,,
121,1,Topic,Plan,DS1.121,Which formation characteristics affect size and speed of a kick?  ,Influx size is not affected by permeability and differential pressure,Low permeability formation with high differential pressure,Low permeability formation with a low differential pressure.,Pour throat size and viscosity of formation fluids,B,,
122,1,Topic,Plan,DS1.122,"Drillstring parted about 1,500 feet above the BHA.  With the well shut-in, we have noted SICP is rising at a rate of 50 psi every thirty minutes.  What action can we take to restore primary control of the well?",Shut well in and raise the MW.,Bullhead influx back into the formation,Stop pumping.  Control the well using Volumetric method until the influx is above the washout.  Then resume pumping operation.,"Open the well and POH.  Shut-in.  Strip back to bottom with fishing assembly, engage fish and resume 1st Circulation of Driller's Method",C,,
123,1,Topic,Plug,DS1.123,"A well was drilled with 10.7 ppg mud.  A 450-ft cement plug is set and tested.  The mud above the plug is displaced by a 11.6 ppg brine.  If the cement plug failed, what direction would the fluid move across the cement plug?",Pressure from below would cause fluid to move up,Fluid would not move across the plug as the pressure differential is zero.,Fluid would not move across the plug until its temperature has increased and allow for expansion,Pressure from above would cause fluid to move down.,D,,
124,1,Topic,SCR,DS1.124,What is the best practice for obtaining Slow Circulating Rate Pressure (SCRP)?,Obtain SCRP from only mud pumps,"Obtain SCRP from low-volume, high-pressure pump(s).",Obtain SCRP for a minimum of two mud pumps,None of the above,C,,
125,1,Topic,SCR,DS1.125,What drilling practice should be followed when connection gas is noticed?,Increase the mud viscosity.,Decrease WOB,Decrease in rotary torque,Control ROP to keep a minimum number of connection gas events in the hole at a time.,D,,
126,1,Topic,SCR,DS1.126,Which of the gauges on the Driller's Console or Remote Choke panel are normally used to record the Slow Circulating Rate Pressure (SCRP)?,The Casing gauge on the Choke Control panel.,The DP gauge on the Choke Control panel.,The standpipe pressure.,"Gauges are not used, just sensors.",B,,
127,1,Topic,SCR,DS1.127,How do we measure Slow Circulating Rate Pressure (SCRP)?,Record pressure at the mud pump gauge,With the bit inside the Casing Shoe.,With a minimum of two mud pumps,Record pressures at the Driller's console,C,,
128,1,Topic,SCR,DS1.128,What can cause inaccuracy within a Slow Pump Rate Pressure (SCRP) reading?,Rotating the drillstring slowly when taking SCR,An extended period of non-circulating time,Reciprocating the drillstring slowly while taking the SCR,Improperly calibrated gauges,B,,
129,1,Topic,SCR,DS1.129,A new Slow Circulating Rate Pressure (SCRP) should be taken after which of the following operations?,When mud weight changes,After each connection that we drill with a top drive.,Before killing the well.,Anytime a swab is changed within a pump,A,,
130,1,Topic,Sign,DS1.130,"What statement best describes ""negative"" pressure test?",A test performed on a barrier where pressure on top of a barrier is reduced to a value lower than the pressure below the barrier,A test performed on a barrier where pressure on top of a barrier is increased to a value higher than the pressure below the barrier,A test performed on a barrier where pressure on top of a barrier is equal to the pressure below the barrier,A test performed on a barrier where gas is injected downhole to test the integrity of the barrier,A,,
131,1,Topic,Trip,DS1.131,Which statement is true for a non-return valve or Internal Blowout Preventer (IBOP) while tripping?,"Extremely difficult to stab, if strong flow is encountered up the drillstring.",Must never be run in the hole during stripping operations.,"Once installed, can immediately read SIDPP.",The non-return valve has a manual closing key must be kept on the rig floor.,A,,
132,1,Topic,CP,DS1.132,"While circulating out the influx, we do not see the casing pressure or pit volume going up. What could be happening?",A liquid influx is in the well.,The casing pressure gauge needs to be fixed.,The PVT may need to be recalibrated.,A gaseous influx is in the well,A,,
133,1,Topic,Trip Tank,DS1.133,Why is it important to actively monitor the top of the well on the trip tank when killing a well?,To verify that trip tank volumes are accurate,To check and verify of leaks from the HCR valve.,To verify the TDS system is not leaking,To check of leaks across the BOP,D,,
134,1,Topic,Gas Expansion,DS1.134,"Using the 1st Circulation of the Driller's method and when the gas influx reaches the surface, what happens to the mud pit level?",Pit level would increase due to gas expansion then increase as gas exits the choke.,Pit level would remain the same as gas expansion does not occur in OBM.,Pit level would increase due to gas expansion then decrease as gas exits the choke.,None of the above,C,,
135,1,Topic,PVT ,DS1.135,Which statement best describes when the well should be monitored with flow rate and pit level equipment?,During leak off tests,Any time there is a possibility or potential for a barrier to fail.,During connections,Any time there is circulation through the mud gas separator,B,,
136,1,Topic,PVT ,DS1.136,"Operations observes flow rate increase,  drillsting is spaced out, pumps stopped.  The Driller notes a small amount of flow and small pit gain.  Pumps are restarted with returns back to normal and no addition pit gain.  What is happening?",The pump pressure is less than mud hydrostatic pressure,The pump pressure is greater than mud hydrostatic pressure,The annular pressure loss is creating an overbalance against formation pressure while circulating,The pump pressure is equal to the mud hydrostatic pressure,C,,
137,1,Topic,Barrier,DS1.137,A wellbore barrier cannot be verified by which method?,Leak off test,Using checklist for testing plug,Monitoring fluid level,BOP Pressure Test,A,,
138,1,Topic,Comp,DS1.138,Why would the Shut-in Drillpipe Pressure (SIDPP) and the Shut-in Casing Pressure (SICP) begin to rise after initial stabilization?  Why is this happening?,The mud pump might have been left on after shutting-in the well,The driller has been reciprocating the string causing the pressure to increase.,The FOSV has been left closed,The influx is gas and is migrating.,D,,
139,1,Topic,Comp,DS1.139,"During a flow check after a drilling break, the trip tank gains 3 barrels in 5 minutes. What should be done next?",Trip tank may be indicating a false gain in the pit.  Raise the MW up by 0.1 ppg and resume drilling operations.,Shut well in.,Mix 10 sacks of barite in suction pit and resume drilling operations.,See if we can increase the rate to 7 barrels in 5 minutes and shut-in on a 10 bbl kick,B,,
140,1,Topic,Comp,DS1.140,If you do not have a reduction in pit volume while drilling for the last hour while making hole what possible action should be taken?,"Continue drilling, all is good.",Make a flow check and understand why pit volume is stable.,Tell Derrickhand to slow water down going to active pits.,Tell Derrickhand in increase water going into active pits,B,,
141,1,Topic,Comp,DS1.141,How does using a slow pump rate aid in killing a well?,The pump may not be rated for excessive pressure,To prevent bursting the casing,Allows rig crews time to mix KMW on-the-fly,To allow choke operator time to react during a well kill.,D,,
142,1,Topic,Crew,DS1.142,"After kick, well was spaced out, shut down and shut-in.  The mud engineer states 3700 sacks of barite are needed for KMW.  Site has only 2800 sacks on site, next delivery 2 days.  Which kill method should we use to kill the well?",Wait and Weight Method,Volumetric Method,Lube and Bleed Method,Driller’s method,D,,
143,1,Topic,Crew,DS1.143,What is the fastest action the Driller can take to shut-in the well if it is flowing while a non-shearable tool is across the BOP stack?,Drop the string in the hole.,Make up safety valve in the string and close the annular,Start circulating to use ECD to the stop the kick,Run non-shearable tool into well and shut-in on Upper Pipe Ram.,B,,
144,1,Topic,Crew,DS1.144,Which of these practices could cause a shallow hazard to flow into the well?,Not filling the hole properly while tripping out,Pumping a cement slurry with short transition time.,Keeping the hole full with a continuous tank,"Mixing fluid density on the fly, while pumping.",A,,
145,1,Topic,Crew,DS1.145,"Operations spaced out, shut down and shut-in the well.  After stablized SIDPP and SICP, the crew noticed the SICP has begun to increase.  If the float is open, what would happen to SIDPP and SICP as the gas influx migrates?",Only the annulus pressure will increase,Only drillpipe pressure will increase,Both drillpipe and annulus pressures will decrease,Both drillpipe and annulus pressures will increase,D,,
146,1,Topic,Crew,DS1.146,"The crew has successfully spaced out, shut down and shut-in.  During the Well Control Prejob Safety Meeting (PJSM), which statement best describes Derrickhand's responsibility?",Mud weight in all pits,Pit levels and measuring devices,Monitor pressures on remote choke panel,None of the above,C,,
147,1,Topic,Crew,DS1.147,"We have successfully spaced out, shut down and shut-in on a kick. Which of the following is an important responsibility for the Supervisor to complete?",Check pit levels and line-ups,Mixing KMW,Call office and notify them of change in operations,Communicate plan with crew.,D,,
148,1,Topic,Crew,DS1.148,Which is best way to mitigate top-hole section well control problems within gas-bearing formations?,Control the rate of penetration,Maintain high ROP to finish the risky section as quickly as possible,Regularly pump light pump sweeps,Control rotary or top drive torque,A,,
149,1,Topic,Crew,DS1.149,"During well control operations, what are the most important reasons to follow good handover procedures?",To allow blame to be assigned in the event of an incident during well kill operations,Ensure continuity in operations and pass on trend information to identify potential problems,It is a regulatory form which must be completed and turned into the local regulatory agency.,None of the above,B,,
150,1,Topic,Crew,DS1.150,"After the crew has responded to a kick, spaced out, shut down and shut-in, which statement best describes delegation of responsibilites to a crew team member?",Calculate KMW needed to kill the well.,Communicating kill plan to crewmembers,"Checking for leaks at the pumps, pipework or pit areas",Lowering the mud in the active pits to allow for controlled gas expansion,C,,
151,1,Topic,WC,DS1.151,"When preparing for a tour change during a well kill operation, what are the best practices for conducting the handover?",Each tour change individual should bring a hot cup of coffee to their relief.,Ensure the supervisor knows of the tour change and make it his/her responsibility to brief relief.,Communicate to persons on duty when its time for their relief to show up,All parties involved should stay on duty for a sufficient time to allow for thorough communication of current activities.,D,,
152,1,Topic,ICP,DS1.152,We have been drilling a horizontal well and now have successfully shut-in on a kick.  We do not have records of Slow Circulating Rate Pressure (SCRP).  What processes can we use to ensure we can find the correct Initial Circulating Pressure (ICP)?,"Follow the correct start-up procedures.  Read the pressure on the drillpipe gauge, subtracting any overbalance/safety margin pressure",Use the SIDPP as circulating pressure.,Follow the ICP that was used in the previous well control operation.,"Since ICP = SIDPP + SICP, determine SICP and stage pumps up to speed holding SIDPP constant",A,,
153,1,Topic,Kill Log,DS1.153,"A written record of strokes pumped, surface drillpipe and casing pressures, choke position, active pit volume and other useful information for effective handover to a relief crew during a well kill operation is best defined as what?",Kill log,Information written in a tally book,Kill sheet,Circulating procedure to be followed,A,,
154,1,Topic,MAASP,DS1.154,If the well was full of hydrocarbons/water what term is used for the highest-pressure possible at the surface?,Kick Volume,Maximum Allowable Annular Pressure,Maximum Anticipated Surface Pressure,Maximum Allowable Casing Pressure,C,,
155,1,Topic,Concept,DS1.155,"After the first circulation of the Driller's Method, there is still influx in the annulus. What should be done to maintain constant BHP while circulating KWM to the bit?",Maintain constant casing pressure,Maintain constant drillpipe pressure,Follow a Weight and Wait step down chart or graph,None of the above,C,,
156,1,Topic,Equip,DS1.156,The Shut-in Casing Pressure (SICP) is affected by which parameter?,Slow circulating rate,Annulus capacity per foot,Internal capacity per foot,Temperature of the well,B,,
157,1,Topic,Equip,DS1.157,What action is required if the drillpipe gauge on the remote panel reads 400 psi and the drillpipe pressure gauge on the standpipe manifold reads 625 psi?,Start the kill using 400 psi because the remote choke will be used during kill operation,Start the kill using 625 psi due to lag time.,Use driller's console pressure gauges since they are electronic sensor reading and much more accurate than analog pressure gauges on the remote choke panel,Investigate the reason for the difference,D,,
158,1,Topic,Equip,DS1.158,What valve would be stabbed onto the drillstring if the well takes a kick?,Full opening safety valve,Non-return valve,Both non-return valve and full opening safety valve.,Top drive non-return valve,A,,
159,1,Topic,FormP,DS1.159,"The crew has successfully spaced out, shut down and shut-in on a kick.  After stabilization, which gauge is used to calculate the formation pressure?",The rig air gauge on the choke panel,The Casing pressure gauge on the choke panel,The Drill pipe pressure gauge on the choke panel,The choke position indicator gauge on the choke panel,C,,
160,1,Topic,FOSV,DS1.160,Describe the steps in order for a proper soft shut-in procedure used if there is positive flow check while tripping out of the hole at 5500 ft?,"Stab FOSV, Open HCR valve and choke, Close BOP, Close choke, Close safety valve.","Stab FOSV, Close BOP, Open HCR valve and choke, Close choke, Close safety valve.","Break off the Top Driver/Kelly.  Install and close IBOP, tighten and torque same.  Open HCR and close BOP, record pressures","Stab a full opening safety valve, close the safety valve, Open the HCR valve, close BOP and Close choke.",D,,
161,1,Topic,Influx,DS1.161,What could be occurring if there is no increase in pit level or casing pressure while circulating out a kick?,Pumps are failing,A gas influx is in the well,A liquid influx is in the well,BOPs are failing,C,,
162,1,Topic,Kick Size,DS1.162,"Operations has spaced out, shut down and shut-in the well. Observed 25 bbls kick with SIDPP of 300 psi and SICP of 600 psi.  If faster reactions resulted in 10 bbl kick, how would this have affected shut-in pressures? ",SIDPP is higher,SIDPP is lower,SICP is higher,SICP is lower,D,,
163,1,Topic,Migrate,DS1.163,"Without a float in the drillstring, what happens to shut-in pressures as gas migrates?",Shut-in casing pressure may be bled off to zero.,Shut-in pressures will remain constant,Both drillpipe and annulus pressures will increase,Both drillpipe and annulus pressures will decrease,C,,
164,1,Topic,Plan,DS1.164,"While tripping into the hole at 6,000 feet, a flow check indicates the well is flowing.  The current shut-in procedure calls for the soft shut-in procedure due to weak zones. What is the correct procedure to shut-in?","Stab a full opening valve, Open the HCR valve, Close BOP, Close the safety valve, Close choke.","Stab a full opening valve, close the safety valve, open the HCR valve, Close BOP, Close choke.","Stab an inside BOP, Open the HCR valve, Close BOP, Close choke.","Stab a full opening safety valve, open HCR, close the FOSV, Close choke and Close BOP.",B,,
165,1,Topic,Plan,DS1.165,Why is it important to recognize a kick as early as possible?,To allow the Volumetric method to be used,To reduce the risk of formation breakdown during the kill.,To reduce KMW required to kill the well,So that the rig crews have more time to shut-in the well.,B,,
166,1,Topic,Plan,DS1.166,"While tripping into the hole at 6,000 feet, a flow check shows there's flow. The rig's procedure is to use the soft shut-in method. What steps should be followed to shut-in the well properly?","Open HCR valve and choke, close BOP, stab full opening safety valve, close safety valve, close choke.","Stab an inside blowout preventer (open), open HCR valve, close BOP, close choke.","Stab a full opening safety valve (open), close the safety valve, open HCR valve, close BOP, close choke.",None of the above,C,,
167,1,Topic,Plan,DS1.167,What are the steps to shut-in when a well flows during tripping using a hard shut-in procedure?,"Open HCR valve and choke, close the BOP, stab open FOSV, Close choke and record pressures.","Close the BOP, stable the FOSV, Close the FOSV, open choke and record pressure.","Stab an opened FOSV, close the FOSV, Close the BOP, Open HCR valve and record pressure.","Break off the Top Driver/Kelly.  Install and close IBOP, tighten and torque same.  Open HCR and close BOP, record pressures",C,,
168,1,Topic,SICP ,DS1.168,"The crew has successfully spaced out, shut down and shut-in on a kick.  After stabilization, the Shut-in Drillpipe Pressure (SIDPP) reads 200 psi while the Shut-in Casing Pressure (SICP) reads 0 psi.  What is the probable cause of SICP reading 0 psi?",Hole packed off around the BHA,Hole in the Drillpipe,Hole in the BHA,Leak in the annular preventer,A,,
169,1,Topic,SIDPP,DS1.169,"After the crew spaces out, shuts down and shut-in, Shut-in Drillpipe Pressure (SIDPP) and Shut-in Casing Pressure (SICP) stabilization time is based upon which of the following?",Porosity,Permeability,Gas migration,Influx density,B,,
170,1,Topic,Crew ,DS1.170,"The crew has spaced out, shut down and successfully shut-in on a kick.  Which statement best describes the derrickhand's responsibility?",Check current mud density,Check current mud viscosity,Check for leaks at the pumps or surface lines,Monitor and record pressures at the choke,D,,
171,1,Topic,FormP,DS1.171,Which of the following statements does NOT describe a warning sign of increasing formation pressures downhole?,Increase in the shale density,Gradual increase in ROP,Decrease in the shale density,Increase in the connection gas,A,,
172,1,Topic,Kill Log,DS1.172,What is the most important reason for detecting a kick as soon as possible?,To reduce risk of formation breakdown during the kill operation,To prevent gas expansion as it is circulated up the wellbore,To prevent gas migration ,To prevent oil expansion as it is circulated up the wellbore,A,,
173,1,Topic,Trans,DS1.173,"What statement best describes ""abnormal pressure""?",Formation pressures that differ from the hydrostatic pressure created by a full column of fresh water,Formation pressures that differ from the hydrostatic pressure created by a full column of formation water,Formation pressures that equal normal formation pore pressure,Pressure that differs from the hydrostatic pressure caused by a full column of formation gas,B,,
174,1,Topic,Trans,DS1.174,"What drilling data is affected, as we drill a transition zone into an abnormally high-pressure formation?",Increase in WOB to maintain constant ROP,Increase in Torque,Gradual increase in RPM,Gradual increase in ROP,D,,
175,1,Topic,Sign ,DS1.175,"After circulating bottoms-up, which of the following is NOT a warning sign of increased formation pressure?",Decreasing Shale Density,Increasing Shale Density,Increasing Cuttings Volume,Increasing Mud Temperature,B,,
176,1,Topic,Ab Pres,DS1.176,How does sudden abnormal pressure impact primary well control?,Reduces the ability to use Annular Preventer as primary BOP to close in on well.,Decreases the overbalance,Allows Driller to increase tripping speed per stand.,Increases the overbalance,B,,
177,1,Topic,ROP,DS1.177,How can connection gas be limited while drilling?,Decrease the mud viscosity.,Increase the mud viscosity.,Increase mud pH,Control ROP to keep a minimum number of connection gas events in the hole at a time.,D,,
178,1,Topic,Shut-in ,DS1.178,"If a sudden increase in gas levels are noted, what is the Driller's safest next step?","Stop drilling, circulate bottoms up, monitor & record gas levels, inform your supervisor",Begin to circulate weighted sweeps periodically,Continue to monitor and record the gas level,Check for flow and call the supervisor,D,,
179,1,Topic,LOT,DS1.179,"During drilling of a wild cat exploratory well, what is the best method for determining formation strength for these wells with little or no downhole pressure information?",Equivalent Mud Weight Test (EMW),Formation Integrity Test (FIT),Leak Off Test (LOT),Casing Test,C,,
180,1,Topic,Balloon,DS1.180,"Due to ballooning and after shutting-in, Operations decides to bleed 5 bbls of mud into the trip tank, then circulate bottoms up.  What is the safest next step?",Circulate through a fully open choke with the BOP closed and monitor active pit level closely,Circulate bottoms up until you see gas at surface then shut in the well and circulate through the fully open choke choke,Circulate bottoms up at the maximum pump speed,Circulate bottoms up through the kill line,A,,
181,1,Topic,Density,DS1.181,How will oil-based mud density be affected by increasing downhole pressure?,Decreases mud density,Increases mud density,Mud density remains unchanged,Oil based muds have no density,B,,
182,1,Topic,Secure,DS1.182,"After noting an increase in flow, the crew spaced out, shut down and successfully shut-in the well.  After pressure stabilization, what is the Driller's safest next step?",Calculate the correct kill mud density,Monitor and record surface pressures,Check and verify the well is secure (no leaks),Monitor and record the pit gain,C,,
183,1,Topic,Gas,DS1.183,"During a well control circulation through a choke, what occurs as a gas influx is circulated out while keeping bottom hole pressure (BHP) constant?",The volume of gas will decrease,The volume of gas will increase,The volume of gas will stay the same,The gas will disperse into the drilling mud,B,,
184,1,Topic,Balloon,DS1.184,"Excessive flowback time during connection.  Shut-in.  SIDPP is 200 psi, SICP is 200 psi.  Operations suspects ballooning is occurring and pressures have been bled off in increments of 50 psi until they read 0 psi.  What is the next safest step?",Open the BOP and drill ahead,"Open the choke and perform a flow-check. If negative, circulate bottoms-up through the open riser",Circulate at the maximum pump rate through the mud gas separator,"Open the choke and perform a flow-check. If negative, circulate bottoms-up through the choke",D,,
185,1,Topic,SIDPP,DS1.185,Which statement best describes the main indicator that the influx is below the bit and potentially requires stripping back to bottom?,The SIDPP is greater than SICP,The SIDPP is equal to SICP,The SIDPP is lower than SICP,None of the above,B,,
186,1,Topic,BHP,DS1.186,"Operations has spaced out, shut down and shut-in on a kick.  The SIDPP is 200 psi, SICP is 300 psi. Both pressures start rising due to gas migration.  If the SIDPP is kept constant at 200 psi, what happens to BHP?",Increase,Decrease,Stay the Same,None of the above,C,,
187,1,Topic,BHP,DS1.187,"During W&W Method, KMW has been circulated to the bit and the pumps were staged down.  SIDPP is 200 psi and SICP is 600 psi.  Which of the following may result in an additional influx entering the wellbore?",Bleed off approximately 50 psi to check for trapped pressure,Bleed the SIDPP to 0 psi,Bleed off approximately 100 psi to check for trapped pressure,Re-check the calculations of surface to bit strokes and kill mud density,B,,
188,1,Topic,Strip,DS1.188,"During tripping operations, well swabbed.  Spaced out, installed and closed FOSV,  closed Annular Preventer using Hard Shut-in.  SIDPP and SICP is 175 psi.  We are currently 1,412 feet off bottom. What is the safest next step?",Circulate the kick out using the Driller’s method while 30 stands off bottom,Strip to bottom and start circulation using first circulation of Driller’s method,Use volumetric procedure until the entire influx has migrated to the bit and start   circulation using the Driller’s Method,Use Lube and Bleed Method to remove gas from the well,B,,
189,1,Topic,Strip,DS1.189,"When stripping back to bottom with a migrating kick, what is the proper procedure to be followed in order to maintain constant Bottomhole Pressure (BHP)?",Bleed off the drill pipe steel displacement while tripping each stand,Bleed off the volume of mud equal to the open-end displacement of the drill pipe tripped into the well,Bleed off the volume of mud equal to the closed end displacement of the drill pipe stripped into the well ,Do not bleed mud while stripping in with drill pipe,C,,
190,1,Topic,Kill Plan,DS1.190,Which statement best describes a kill plan?,"A document stating duties, procedures, and specific lines of communication and safety requirements for the entire kill operation ",A kill sheet completed by the supervisor,A document that all rig personnel must sign,A document stating the correct kill mud density used to kill the well,A,,
191,1,Topic,Comp,DS1.191,"If the u-tube (well) has lost integrity due to losses, how can we identify this condition?",Manipulations of the choke result in unpredictable fluctuations of the casing and drillpipe pressures.,Decrease in drillpipe pressure followed by a increase in casing pressure.,Manipulation of the choke results in a change in casing pressure and a predictable pressure response on the drillpipe pressure gauge.,None of the above,A,,
